count,ratio,pattern
291202,0.4460275181159143,rrrrrrrrrrrrrrrrrrrrrrrrrrrrrrrrrrrrrrrrrrrrrrrrrrrrrrrrrrrrrrrrrrrrrrrrrrrrrrrrrrrrrrrrrrrrrrrrrrrrrrrrrrrrrrrrrrrrrrrrrrrrrrrrrrrrrrrr
226498,0.34692186454151536,aaaaaaaaaaaaaaarrrrrrrrrrrrrrrrrrrrrrrrrrrrrrrrrrrrrrrrrrrrrrrrrrrrrrrrrrrrrrrrrrrrrrrrrrrrrrrrrrrrrrrrrrrrrrrrrrrrrrrrrrrrrrrrrrrrrrrrr
27942,0.04279812951557639,aaaaaaaaaaaraaarrrrrrrrrrrrrrrrrrrrrrrrrrrrrrrrrrrrrrrrrrrrrrrrrrrrrrrrrrrrrrrrrrrrrrrrrrrrrrrrrrrrrrrrrrrrrrrrrrrrrrrrrrrrrrrrrrrrrrrrr
22695,0.03476141827199221,aaaaarrrrrrarrarrrrrrrrrrrrrrrrrrrrrrrrrrrrrrrrrrrrrrrrrrrrrrrrrrrrrrrrrrrrrrrrrrrrrrrrrrrrrrrrrrrrrrrrrrrrrrrrrrrrrrrrrrrrrrrrrrrrrrrrr
17988,0.02755181281677003,aaaaaaaaaaaaaaarrrrrrrrrrrrrrrrrrrrrrrrrrrrrrrrrrrrrrrrrrrrrrrrrrrrrrrrrrrrrrrrrrrrrrrrrrrrrrrrrrrrrarrarararrrrrrrrrrrrrrrrrrrrrrrrrrrr
12068,0.018484282692505044,aaaaaaaaaaaraaarrrrrrrrrrrrrrrrrrrrrrrrrrrrrrrrrrrrrrrrrrrrrrrrrrrrrrrrrrrrrrrrrrrrrrrrrrrrrrrrrrrrrarrarararrrrrrrrrrrrrrrrrrrrrrrrrrrr
10839,0.016601851185288546,aaaaarrrrrrrrrrrrrrrrrrrrrrrrrrrrrrrrrrrrrrrrrrrrrrrrrrrrrrrrrrrrrrrrrrrrrrrrrrrrrrrrrrrrrrrrrrrrrrrrrrrrrrrrrrrrrrrrrrrrrrrrrrrrrrrrrrr
9642,0.014768433354419425,aaaaaaaaaaaaaaarrrrrrrrrrrraaararrrrrrrrrrrrrrrrrrrrrrrrrrrrrrrrrrrrrrrrrrrrrrrrrrrrrrrrrrrrrrrrrrrrarrarararrrrrrrrrrrrrrrrrrrrrrrrrrrr
3362,0.005149499371246433,rrrrrrrrrrrraarrrrrrrrrrrrrrrrrrrrrrrrrrrrrrrrrrrrrrrrrrrrrrrrrrrrrrrrrrrrrrrrrrrrrrrrrrrrrrrrrrrrrrrrrrrrrrrrrrrrrrrrrrrrrrrrrrrrrrrrrr
2821,0.004320861905498569,aaaaaaaaaaaraaarrrrrrrrrrrraaararrrrrrrrrrrrrrrrrrrrrrrrrrrrrrrrrrrrrrrrrrrrrrrrrrrrrrrrrrrrrrrrrrrrarrarararrrrrrrrrrrrrrrrrrrrrrrrrrrr
2599,0.003980829525838631,aaaaaaaaararrrrrrrrrrrrrrrrrrrrrrrrrrrrrrrrrrrrrrrrrrrrrrrrrrrrrrrrrrrrrrrrrrrrrrrrrrrrrrrrrrrrrrrrrrrrrrrrrrrrrrrrrrrrrrrrrrrrrrrrrrrrr
2372,0.003633138759249417,aaaaaaaaaaarrrarrrrrrrrrrrrrrrrrrrrrrrrrrrrrrrrrrrrrrrrrrrrrrrrrrrrrrrrrrrrrrrrrrrrrrrrrrrrrrrrrrrrrrrrrrrrrrrrrrrrrrrrrrrrrrrrrrrrrrrrr
2329,0.003567276631657627,aarrarrrrrrraarrrrrrrrrrrrrrrrrrrrrrrrrrrrrrrrrrrrrrrrrrrrrrrrrrrrrrrrrrrrrrrrrrrrrrrrrrrrrrrrrrrrrrrrrrrrrrrrrrrrrrrrrrrrrrrrrrrrrrrrrr
1988,0.003044974643080877,aarraaarrraraarrrrrrrrrrrrrrrrrrrrrrrrrrrrrrrrrrrrrrrrrrrrrrrrrrrrrrrrrrrrrrrrrrrrrrrrrrrrrrrrrrrrrrarrarararrrrrrrrrrrrrrrrrrrrrrrrrrrr
1617,0.0024767223329284598,aaaaaaaaaaaaaaararraraaraaarrrrrrrrrrrrrrrrrrrrrrrrrrrrrrrrrrrrrrrrrrrrrrrrrrrrrrrrrrrrrrrrrrrrrrrrrrrrrrrrrrrraaarrraaarrrrrrrrrrrrrrrr
1404,0.002150475049741223,aaaaarrrrrraaaarrrrrrrrrrrrrrrrrrrrrrrrrrrrrrrrrrrrrrrrrrrrrrrrrrrrrrrrrrrrrrrrrrrrrrrrrrrrrrrrrrrrrrrrrrrrrrrrrrrrrrrrrrrrrrrrrrrrrrrrr
1325,0.002029472536258633,arrraarrrraraarrrrrrrrrrrrrrrrrrrrrrrrrrrrrrrrrrrrrrrrrrrrrrrrrrrrrrrrrrrrrrrrrrrrrrrrrrrrrrrrrrrrrrarrrrararrrrrrrrrrrrrrrrrrrrrrrrrrrr
1096,0.001678718414897707,aaaaraaaarrrrrrrrrrrrrrrrrrrrrrrrrrrrrrrrrrrrrrrrrrrrrrrrrrrrrrrrrrrrrrrrrrrrrrrrrrrrrrrrrrrrrrrrrrrrrrrrrrrrrrrrrrrrrrrrrrrrrrrrrrrrrrr
955,0.0014627519034920713,aaaaaaaaaaaarrarrrrrrrrrrrrrrrrrrrrrrrrrrrrrrrrrrrrrrrrrrrrrrrrrrrrrrrrrrrrrrrrrrrrrrrrrrrrrrrrrrrrrrrrrrrrrrrrrrrrrrrrrrrrrrrrrrrrrrrrr
791,0.0012115568122117574,aaaaraaaarrrrarrrrrrrrrrrrrrrrrrrrrrrrrrrrrrrrrrrrrrrrrrrrrrrrrrrrrrrrrrrrrrrrrrrrrrrrrrrrrrrrrrrrrrrrrrrrrrrrrrrrrrrrrrrrrrrrrrrrrrrrrr
781,0.0011962400383532018,aaaaaaaaaaaraaararraraaraaarrrrrrrrrrrrrrrrrrrrrrrrrrrrrrrrrrrrrrrrrrrrrrrrrrrrrrrrrrrrrrrrrrrrrrrrrrrrrrrrrrrraaarrraaarrrrrrrrrrrrrrrr
779,0.0011931766835814907,aaaaaaaaararrrrrrrrrrrrrrrrrrrrrrrrrrrrrrrrrrrrrrrrrrrrrrrrrrrrrrrrrrrrrrrrrrrrrrrrrrrrrrrrrrrrrrrrrarrararrrrrrrrrrrrrrrrrrrrrrrrrrrrrr
771,0.001180923264494646,aarraaarrrarrrrrrrrrrrrrrrrrrrrrrrrrrrrrrrrrrrrrrrrrrrrrrrrrrrrrrrrrrrrrrrrrrrrrrrrrrrrrrrrrrrrrrrrrarrararrrrrrrrrrrrrrrrrrrrrrrrrrrrrr
701,0.001073705847484756,aaaaarrrrrrraaarrrrrrrrrrrrrrrrrrrrrrrrrrrrrrrrrrrrrrrrrrrrrrrrrrrrrrrrrrrrrrrrrrrrrrrrrrrrrrrrrrrrrarrarararrrrrrrrrrrrrrrrrrrrrrrrrrrr
602,9.220697862850544E-4,aaaaaaaaaaaaaaararraraaraaarrrrrrrrrrrrrrrrrrrrrrrrrrrrrrrrrrrrrrrrrrrrrrrrrrrrrrrrrrrrrrrrrrrrrrrrrrrrrrrrrrrrrrrrrrrrrrrrrrrrrrrrrrrrr
562,8.608026908508314E-4,aarrarrrrrrrrrrrrrrrrrrrrrrrrrrrrrrrrrrrrrrrrrrrrrrrrrrrrrrrrrrrrrrrrrrrrrrrrrrrrrrrrrrrrrrrrrrrrrrrrrrrrrrrrrrrrrrrrrrrrrrrrrrrrrrrrrrr
544,8.332324979054311E-4,aaaaaaaaarrrrrrrrrrrrrrrrrrrrrrrrrrrrrrrrrrrrrrrrrrrrrrrrrrrrrrrrrrrrrrrrrrrrrrrrrrrrrrrrrrrrrrrrrrrrrrrrrrrrrrrrrrrrrrrrrrrrrrrrrrrrrrr
540,8.271057883620089E-4,aaaaraaaarrrrrrrrrrrrrrrrrrrrrrrrrrrrrrrrrrrrrrrrrrrrrrrrrrrrrrrrrrrrrrrrrrrrrrrrrrrrrrrrrrrrrrrrrrrarrarrrrrrrrrrrrrrrrrrrrrrrrrrrrrrrr
504,7.719654024712083E-4,aaaaaaaaararaarrrrrrrrrrrrrrrrrrrrrrrrrrrrrrrrrrrrrrrrrrrrrrrrrrrrrrrrrrrrrrrrrrrrrrrrrrrrrrrrrrrrrrrrrrrrrrrrrrrrrrrrrrrrrrrrrrrrrrrrrr
417,6.387094699017735E-4,aaaaarrrrrrrrarrrrrrrrrrrrrrrrrrrrrrrrrrrrrrrrrrrrrrrrrrrrrrrrrrrrrrrrrrrrrrrrrrrrrrrrrrrrrrrrrrrrrrrrrrrrrrrrrrrrrrrrrrrrrrrrrrrrrrrrrr
367,5.62125600608995E-4,aaaaarrrrrraraarrrrrrrrrrrrrrrrrrrrrrrrrrrrrrrrrrrrrrrrrrrrrrrrrrrrrrrrrrrrrrrrrrrrrrrrrrrrrrrrrrrrrrrrrrrrrrrrrrrrrrrrrrrrrrrrrrrrrrrrr
349,5.345554076635946E-4,aarrarrrrrrraarrrrrrrrrrrrrrrrrrrrrrrrrrrrrrrrrrrrrrrrrrrrrrrrrrrrrrrrrrrrrrrrrrrrrrrrrrrrrrrrrrrrrrarrarrrrrrrrrrrrrrrrrrrrrrrrrrrrrrrr
341,5.223019885767501E-4,aaaaaaaaarrrrrrrrrrrrrrrrrrrrrrrrrrrrrrrrrrrrrrrrrrrrrrrrrrrrrrrrrrrrrrrrrrrrrrrrrrrrrrrrrrrrrrrrrrrarrarrrrrrrrrrrrrrrrrrrrrrrrrrrrrrrr
308,4.717566348435162E-4,aaaaarrrrrrarrarrrrrrrrrrrrrrrrrrrrrrrrrrrrrrrrrrrrrrrrrrrrrrrrrrrrrrrrrrrrrrrrrrrrrrrrrrrrrrrrrrrrrarrararrrrrrrrrrrrrrrrrrrrrrrrrrrrrr
268,4.104895394092933E-4,aaaaaaaaararrrrrarraraararrrrrrrrrrrrrrrrrrrrrrrrrrrrrrrrrrrrrrrrrrrrrrrrrrrrrrrrrrrrrrrrrrrrrrrrrrrrrrrrrrrrrrrrrrrrrrrrrrrrrrrrrrrrrrr
255,3.9057773339317087E-4,aaaaarrrrrrrraarrrrrrrrrrrrrrrrrrrrrrrrrrrrrrrrrrrrrrrrrrrrrrrrrrrrrrrrrrrrrrrrrrrrrrrrrrrrrrrrrrrrrrrrrrrrrrrrrrrrrrrrrrrrrrrrrrrrrrrrr
203,3.109305093286811E-4,aaaaaaaaaaaaaaararraraaaaaarrrrrrrrrarrrrrrrrrrrrrrrrrrrrrrrrrrrrrrrrrrrrrrrrrrrrrrrrrrrrrrrrrrrrrrrrrrrrrrrrraaaarrraaarrrrrrrrrrrrrrrr
191,2.9255038069841424E-4,aaaaraaaaarrraarrrrrrrrrrrrrrrrrrrrrrrrrrrrrrrrrrrrrrrrrrrrrrrrrrrrrrrrrrrrrrrrrrrrrrrrrrrrrrrrrrrrrrrrrrrrrrrrrrrrrrrrrrrrrrrrrrrrrrrrr
159,2.4353670435103595E-4,aaaaarrrrrrraaarrrrrrrrrrrrrrrrrrrrrarrrrrrrrrrrrrrrrrrrrrrrrrrrrrrrrrrrrrrrrrrrrrrrrrrrrrrrrrrrrrrrrrrrrrrrrrrrrrrrrrrrrrrrrrrrrrrrrrrr
151,2.3128328526419138E-4,aaaaarrrrrraaaarrrrrrrrrrrrrrrrrrrrrarrrrrrrrrrrrrrrrrrrrrrrrrrrrrrrrrrrrrrrrrrrrrrrrrrrrrrrrrrrrrrrrrrrrrrrrrrrrrrrrrrrrrrrrrrrrrrrrrrr
129,1.9758638277536878E-4,rraarrrrrrrrrarrrrrrrrrrrrrrrrrrrrrrrrrrrrrrrrrrrrrrrrrrrrrrrrrrrrrrrrrrrrrrrrrrrrrrrrrrrrrrrrrrrrrrrrrrrrrrrrrrrrrrrrrrrrrrrrrrrrrrrrrr
118,1.807379315309575E-4,aaaaarrrrrraaaarrrrrrrrrrrrrrrrrrrrrarrrrrrrrrrrrrrrrrrrrrrrrrrrrrrrrrrrrrrrrrrrrrrrrrrrrrrrrrrrrrrrrrrrrrrrrrrrrarrrraarrrrrrrrrrrrrrrr
116,1.7767457675924635E-4,aarraaarrrarrrrrrrrrrrrrrrrrrrrrrrrrrrrrrrrrrrrrrrrrrrrrrrrrrrrrrrrrrrrrrrrrrrrrrrrrrrrrrrrrrrrrrrrrrrrrrrrrrrrrrrrrrrrrrrrrrrrrrrrrrrrr
112,1.7154786721582406E-4,aaaaaaaaararrarrrrrrrrrrrrrrrrrrrrrrrrrrrrrrrrrrrrrrrrrrrrrrrrrrrrrrrrrrrrrrrrrrrrrrrrrrrrrrrrrrrrrrrrrrrrrrrrrrrrrrrrrrrrrrrrrrrrrrrrrr
95,1.4550935165627934E-4,aaaaaaaaaaaraaararraraaraaaaaararrrrrrrrrrrrrrrrrrrrrrrrrrrrrrrrrrrrrrrrrrrrrrrrrrrrrrrrrrrrrrrrrrrrarrarararrraaarrraaarrrrrrrrrrrrrrrr
94,1.4397767427042378E-4,rrrrrrrrrrrraarrrrrrrrrrrrrrrrrrrrrrrrrrrrrrrrrrrrrrrrrrrrrrrrrrrrrrrrrrrrrrrrrrrrrrrrrrrrrrrrrrrrrrarrrrrrarrrrrrrrrrrrrrrrrrrrrrrrrrrr
92,1.4091431949871263E-4,aaaaaaaaaaaaaaarrrrrrrrrrrrrrrrrrrrrarrrrrrrrrrrrrrrrrrrrrrrrrrrrrrrrrrrrrrrrrrrrrrrrrrrrrrrrrrrrrrrarrarararrarrrrrrrrrrrrrrrrrrrrrrrrr
80,1.2253419086844577E-4,aarrarrrrrrrrarrrrrrrrrrrrrrrrrrrrrrrrrrrrrrrrrrrrrrrrrrrrrrrrrrrrrrrrrrrrrrrrrrrrrrrrrrrrrrrrrrrrrrarrararrrrrrrrrrrrrrrrrrrrrrrrrrrrrr
69,1.0568573962403446E-4,aaaaarrrrrrrraarrrrrrrrrrrrrrrrrrrrrrrrrrrrrrrrrrrrrrrrrrrrrrrrrrrrrrrrrrrrrrrrrrrrrrrrrrrrrrrrrrrrrarrarararrrrrrrrrrrrrrrrrrrrrrrrrrrr
68,1.0415406223817889E-4,aaaaaaaaaaaaaaarrrrrrrrrrrrrrrrrrrrrarrrrrrrrrrrrrrrrrrrrrrrrrrrrrrrrrrrrrrrrrrrrrrrrrrrrrrrrrrrrrrrarrarararrarrarrrararrrrrrrrrrrrrrrr
66,1.0109070746646776E-4,aarraaarrraaaarrrrrrrrrrrrrrrrrrrrrrrrrrrrrrrrrrrrrrrrrrrrrrrrrrrrrrrrrrrrrrrrrrrrrrrrrrrrrrrrrrrrrrrrrrrrrrrrrrrrrrrrrrrrrrrrrrrrrrrrrr
64,9.802735269475661E-5,aaaaaaaaaaaaaaarrrrrrrrrrrrrrrrrrrrrarrrrrrrrrrrrrrrrrrrrrrrrrrrrrrrrrrrrrrrrrrrrrrrrrrrrrrrrrrrrrrrrrrrrrrrrrarrarrrararrrrrrrrrrrrrrrr
63,9.649567530890103E-5,rrrrrrrrrrrrrarrrrrrrrrrrrrrrrrrrrrrrrrrrrrrrrrrrrrrrrrrrrrrrrrrrrrrrrrrrrrrrrrrrrrrrrrrrrrrrrrrrrrrrrrrrrrrrrrrrrrrrrrrrrrrrrrrrrrrrrrr
60,9.190064315133432E-5,aaaaaaaaaaaaaaararraraaraaaaaararrrrrrrrrrrrrrrrrrrrrrrrrrrrrrrrrrrrrrrrrrrrrrrrrrrrrrrrrrrrrrrrrrrrarrarararrraaarrraaarrrrrrrrrrrrrrrr
57,8.73056109937676E-5,rrrrraaaaarrrarrrrrrrrrrrrrrrrrrrrrrrrrrrrrrrrrrrrrrrrrrrrrrrrrrrrrrrrrrrrrrrrrrrrrrrrrrrrrrrrrrrrrrarrarrrarrrrrrrrrrrrrrrrrrrrrrrrrrrr
54,8.27105788362009E-5,rarrrrarrrrrrarrrrrrrrrrrrrrrrrrrrrrrrrrrrrrrrrrrrrrrrrrrrrrrrrrrrrrrrrrrrrrrrrrrrrrrrrrrrrrrrrrrrrrrrrarrrarrrrrrrrrrrrrrrrrrrrrrrrrrrr
53,8.117890145034532E-5,aaaaaaaaaaarrrarrrrrrrrrrrrrrrrrrrrrrrrrrrrrrrrrrrrrrrrrrrrrrrrrrrrrrrrrrrrrrrrrrrrrrrrrrrrrrrrrrrrrarrararrrrrrrrrrrrrrrrrrrrrrrrrrrrrr
44,6.739380497764517E-5,aaaaarrrrrrrrarrrrrrrrrrrrraaararrrrrrrrrrrrrrrrrrrrrrrrrrrrrrrrrrrrrrrrrrrrrrrrrrrrrrrrrrrrrrrrrrrrarrarararrrrrrrrrrrrrrrrrrrrrrrrrrrr
43,6.586212759178959E-5,aaaaaaaaaaarraarrrrrrrrrrrrrrrrrrrrrrrrrrrrrrrrrrrrrrrrrrrrrrrrrrrrrrrrrrrrrrrrrrrrrrrrrrrrrrrrrrrrrrrrrrrrrrrrrrrrrrrrrrrrrrrrrrrrrrrrr
42,6.433045020593402E-5,aaaaarrrrrraraarrrrrrrrrrrrrrrrrrrrrrrrrrrrrrrrrrrrrrrrrrrrrrrrrrrrrrrrrrrrrrrrrrrrrrrrrrrrrrrrrrrrrarrarararrrrrrrrrrrrrrrrrrrrrrrrrrrr
41,6.279877282007846E-5,arrraaarrrrrrrrrrrrrrrrrrrrrrrrrrrrrrrrrrrrrrrrrrrrrrrrrrrrrrrrrrrrrrrrrrrrrrrrrrrrrrrrrrrrrrrrrrrrrrrrrrrrrrrrrrrrrrrrrrrrrrrrrrrrrrrrr
41,6.279877282007846E-5,aaaaarrrrrrraaarrrrrrrrrrrrrrrrrrrrrrrrrrrrrrrrrrrrrrrrrrrrrrrrrrrrrrrrrrrrrrrrrrrrrrrrrrrrrrrrrrrrrrrrrrrrrrrrrrrrrrrrrrrrrrrrrrrrrrrrr
37,5.667206327665617E-5,rrrraaaaaarrrrrrrrrrrrrrrrrrrrrrrrrrrrrrrrrrrrrrrrrrrrrrrrrrrrrrrrrrrrrrrrrrrrrrrrrrrrrrrrrrrrrrrrrrarrarrrrrrrrrrrrrrrrrrrrrrrrrrrrrrrr
31,4.748199896152273E-5,aaaaarrrrrrrrarrarraraararrrrrrrrrrrrrrrrrrrrrrrrrrrrrrrrrrrrrrrrrrrrrrrrrrrrrrrrrrrrrrrrrrrrrrrrrrrrrrrrrrrrrrrrrrrrrrrrrrrrrrrrrrrrrrr
27,4.135528941810045E-5,aarraaarrraaaarrrrrrrrrrrrrrrrrrrrrrrrrrrrrrrrrrrrrrrrrrrrrrrrrrrrrrrrrrrrrrrrrrrrrrrrrrrrrrrrrrrrrrarrarararrrrrrrrrrrrrrrrrrrrrrrrrrrr
25,3.82919346463893E-5,aaaaaaaaararaarrrrrrrrrrrrrrrrrrrrrrarrrrrrrrrrrrrrrrrrrrrrrrrrrrrrrrrrrrrrrrrrrrrrrrrrrrrrrrrrrrrrrarrarrrarrarrrrrrrrrrrrrrrrrrrrrrrrr
23,3.522857987467816E-5,aaaaaaaaaaaraaarrrrrrrrrrrrrrrrrrrrrarrrrrrrrrrrrrrrrrrrrrrrrrrrrrrrrrrrrrrrrrrrrrrrrrrrrrrrrrrrrrrrarrarararrarrrrrrrrrrrrrrrrrrrrrrrrr
22,3.369690248882258E-5,rrrrrarrrrrrrrrrrrrrrrrrrrrrrrrrrrrrrrrrrrrrrrrrrrrrrrrrrrrrrrrrrrrrrrrrrrrrrrrrrrrrrrrrrrrrrrrrrrrrarrrrrrrrrrrrrrrrrrrrrrrrrrrrrrrrrrr
22,3.369690248882258E-5,rrrrraaaaarrrrrrrrrrrrrrrrrrrrrrrrrrrrrrrrrrrrrrrrrrrrrrrrrrrrrrrrrrrrrrrrrrrrrrrrrrrrrrrrrrrrrrrrrrarrarrrrrrrrrrrrrrrrrrrrrrrrrrrrrrrr
21,3.216522510296701E-5,arrraaarrrrrrrrrrrrrrrrrrrrrrrrrrrrrrrrrrrrrrrrrrrrrrrrrrrrrrrrrrrrrrrrrrrrrrrrrrrrrrrrrrrrrrrrrrrrrarrarrrrrrrrrrrrrrrrrrrrrrrrrrrrrrrr
20,3.063354771711144E-5,aaaaraaaarrraarrrrrrrrrrrrrrrrrrrrrrrrrrrrrrrrrrrrrrrrrrrrrrrrrrrrrrrrrrrrrrrrrrrrrrrrrrrrrrrrrrrrrrarrarrrarrrrrrrrrrrrrrrrrrrrrrrrrrrr
20,3.063354771711144E-5,aaaaaaaaarrrrrrrrrrrrrrrrrrrrrrrrrrrrrrrrrrrrrrrrrrrrrrrrrrrrrrrrrrrrrrrrrrrrrrrrrrrrrrrrrrrrrrrrrrrarrararrrrrrrrrrrrrrrrrrrrrrrrrrrrrr
20,3.063354771711144E-5,rraarrraaaraaaarrrrrrrrrrrrrrrrrrrrrrrrrrrrrrrrrrrrrrrrrrrrrrrrrrrrrrrrrrrrrrrrrrrrrrrrrrrrrrrrrrrrrrrrrrrrrrrrrrrrrrrrrrrrrrrrrrrrrrrrr
18,2.7570192945400297E-5,aaaaarrrrrrrrarrarraraararraaararrrrrrrrrrrrrrrrrrrrrrrrrrrrrrrrrrrrrrrrrrrrrrrrrrrrrrrrrrrrrrrrrrrrarrarararrrrrrrrrrrrrrrrrrrrrrrrrrrr
18,2.7570192945400297E-5,aaaaarrrrrraaaarrrrrrrrrrrrrrrrrrrrrarrrrrrrrrrrrrrrrrrrrrrrrrrrrrrrrrrrrrrrrrrrrrrrrrrrrrrrrrrrrrrrarrarararrrrrarrrraarrrrrrrrrrrrrrrr
17,2.6038515559544723E-5,aaaaaaaaararrrrrrrrrrrrrrrraaarrrrrrrrrrrrrrrrrrrrrrrrrrrrrrrrrrrrrrrrrrrrrrrrrrrrrrrrrrrrrrrrrrrrrrarrararrrrrrrrrrrrrrrrrrrrrrrrrrrrrr
16,2.4506838173689152E-5,aaaaarrrrrrraaarrrrrrrrrrrrrrrrrrrrrarrrrrrrrrrrrrrrrrrrrrrrrrrrrrrrrrrrrrrrrrrrrrrrrrrrrrrrrrrrrrrrrrrrrrrrrrrrrarrrraarrrrrrrrrrrrrrrr
15,2.297516078783358E-5,aarrraarrrrrrrrrrrrrrrrrrrrrrrrrrrrrrrrrrrrrrrrrrrrrrrrrrrrrrrrrrrrrrrrrrrrrrrrrrrrrrrrrrrrrrrrrrrrrarrarrrrrrrrrrrrrrrrrrrrrrrrrrrrrrrr
15,2.297516078783358E-5,aaaaaaaaaaaaaaararraraaraaaaaararrrrrrrrrrrrrrrrrrrrrrrrrrrrrrrrrrrrrrrrrrrrrrrrrrrrrrrrrrrrrrrrrrrrarrarararrrrrrrrrrrrrrrrrrrrrrrrrrrr
15,2.297516078783358E-5,aarrrrrrrrrrrrrrrrrrrrrrrrrrrrrrrrrrrrrrrrrrrrrrrrrrrrrrrrrrrrrrrrrrrrrrrrrrrrrrrrrrrrrrrrrrrrrrrrrrrrrrrrrrrrrrrrrrrrrrrrrrrrrrrrrrrrrr
15,2.297516078783358E-5,aaaaraaaarrrrarrrrrrrrrrrrrrrrrrrrrrrrrrrrrrrrrrrrrrrrrrrrrrrrrrrrrrrrrrrrrrrrrrrrrrrrrrrrrrrrrrrrrrarrarrrarrrrrrrrrrrrrrrrrrrrrrrrrrrr
14,2.1443483401978007E-5,aarrraarrrrrrrrrrrrrrrrrrrrrrrrrrrrrrrrrrrrrrrrrrrrrrrrrrrrrrrrrrrrrrrrrrrrrrrrrrrrrrrrrrrrrrrrrrrrrrrrrrrrrrrrrrrrrrrrrrrrrrrrrrrrrrrrr
14,2.1443483401978007E-5,rrrrraarrrrrrrrrrrrrrrrrrrrrrrrrrrrrrrrrrrrrrrrrrrrrrrrrrrrrrrrrrrrrrrrrrrrrrrrrrrrrrrrrrrrrrrrrrrrrarrarrrrrrrrrrrrrrrrrrrrrrrrrrrrrrrr
13,1.9911806016122436E-5,aaaaaaaaaaaraaararraraaraaarrrrrrrrrrrrrrrrrrrrrrrrrrrrrrrrrrrrrrrrrrrrrrrrrrrrrrrrrrrrrrrrrrrrrrrrrrrrrrrrrrrrrrrrrrrrrrrrrrrrrrrrrrrrr
10,1.531677385855572E-5,aarrarrrrrrrrrrrrrrrrrrrrrrrrrrrrrrrrrrrrrrrrrrrrrrrrrrrrrrrrrrrrrrrrrrrrrrrrrrrrrrrrrrrrrrrrrrrrrrrarrarrrrrrrrrrrrrrrrrrrrrrrrrrrrrrrr
10,1.531677385855572E-5,aaaaaaaaararrrrrarraraararraaarrrrrrrrrrrrrrrrrrrrrrrrrrrrrrrrrrrrrrrrrrrrrrrrrrrrrrrrrrrrrrrrrrrrrrarrararrrrrrrrrrrrrrrrrrrrrrrrrrrrrr
10,1.531677385855572E-5,aarraarrrraraarrrrrrrrrrrrrrrrrrrrrrrrrrrrrrrrrrrrrrrrrrrrrrrrrrrrrrrrrrrrrrrrrrrrrrrrrrrrrrrrrrrrrrarrarararrrrrrrrrrrrrrrrrrrrrrrrrrrr
9,1.3785096472700148E-5,aaaaaaaaaraaaarrrrrrrrrrrrrrrrrrrrrrrrrrrrrrrrrrrrrrrrrrrrrrrrrrrrrrrrrrrrrrrrrrrrrrrrrrrrrrrrrrrrrrarrarararrrrrrrrrrrrrrrrrrrrrrrrrrrr
9,1.3785096472700148E-5,aaaaaaaaararaarrarraraaraarrrrrrrrrrrrrrrrrrrrrrrrrrrrrrrrrrrrrrrrrrrrrrrrrrrrrrrrrrrrrrrrrrrrrrrrrrrrrrrrrrrrraaarrraaarrrrrrrrrrrrrrrr
9,1.3785096472700148E-5,aaaaarrrrrraaaarrrrrrrrrrrrrrrrrrrrrarrrrrrrrrrrrrrrrrrrrrrrrrrrrrrrrrrrrrrrrrrrrrrrrrrrrrrrrrrrrrrrarrarararrrrrrrrrrrrrrrrrrrrrrrrrrrr
9,1.3785096472700148E-5,rrrrrrarrrrrrrrrrrrrrrrrrrrrrrrrrrrrrrrrrrrrrrrrrrrrrrrrrrrrrrrrrrrrrrrrrrrrrrrrrrrrrrrrrrrrrrrrrrrrrrrarrrrrrrrrrrrrrrrrrrrrrrrrrrrrrrr
8,1.2253419086844576E-5,aaaaaaaaaaaraaararraraaraaaaaararrrrrrrrrrrrrrrrrrrrrrrrrrrrrrrrrrrrrrrrrrrrrrrrrrrrrrrrrrrrrrrrrrrrarrarararrrrrrrrrrrrrrrrrrrrrrrrrrrr
8,1.2253419086844576E-5,rrrrrrrrrrrraarrrrrrrrrrrrrrrrrrrrrrrrrrrrrrrrrrrrrrrrrrrrrrrrrrrrrrrrrrrrrrrrrrrrrrrrrrrrrrrrrrrrrrrrrrrrrarrrrrrrrrrrrrrrrrrrrrrrrrrrr
8,1.2253419086844576E-5,aaaaaaaaaaaaraararraraaaararrrrrrrrrarrrrrrrrrrrrrrrrrrrrrrrrrrrrrrrrrrrrrrrrrrrrrrrrrrrrrrrrrrrrrrrrrrrrrrrrrarrrrrrrrrrrrrrrrrrrrrrrrr
8,1.2253419086844576E-5,aaaarrrrrrrrrrrrrrrrrrrrrrrrrrrrrrrrrrrrrrrrrrrrrrrrrrrrrrrrrrrrrrrrrrrrrrrrrrrrrrrrrrrrrrrrrrrrrrrrrrrrrrrrrrrrrrrrrrrrrrrrrrrrrrrrrrrr
7,1.0721741700989004E-5,aaaaaaaaaaaarrarrrrrrrrrrrrrrrrrrrrrrrrrrrrrrrrrrrrrrrrrrrrrrrrrrrrrrrrrrrrrrrrrrrrrrrrrrrrrrrrrrrrrarrararrrrrrrrrrrrrrrrrrrrrrrrrrrrrr
7,1.0721741700989004E-5,aaaaaaaaaararrarrrrrrrrrrrrrrrrrrrrrrrrrrrrrrrrrrrrrrrrrrrrrrrrrrrrrrrrrrrrrrrrrrrrrrrrrrrrrrrrrrrrrrrrrrrrrrrrrrrrrrrrrrrrrrrrrrrrrrrrr
7,1.0721741700989004E-5,arrrrrrrrrrraarrrrrrrrrrrrrrrrrrrrrrrrrrrrrrrrrrrrrrrrrrrrrrrrrrrrrrrrrrrrrrrrrrrrrrrrrrrrrrrrrrrrrrrrrrrrrrrrrrrrrrrrrrrrrrrrrrrrrrrrrr
6,9.190064315133433E-6,aaaaarrrrrrraaarrrrrrrrrrrraaararrrrarrrrrrrrrrrrrrrrrrrrrrrrrrrrrrrrrrrrrrrrrrrrrrrrrrrrrrrrrrrrrrrarrarararrrrrarrrraarrrrrrrrrrrrrrrr
6,9.190064315133433E-6,aarrararrraraarrrrrrrrrrrrrrrrrrrrrrrrrrrrrrrrrrrrrrrrrrrrrrrrrrrrrrrrrrrrrrrrrrrrrrrrrrrrrrrrrrrrrrarrarararrrrrrrrrrrrrrrrrrrrrrrrrrrr
6,9.190064315133433E-6,aaaaraaaaarrrrarrrrrrrrrrrrrrrrrrrrrrrrrrrrrrrrrrrrrrrrrrrrrrrrrrrrrrrrrrrrrrrrrrrrrrrrrrrrrrrrrrrrrrrrrrrrrrrrrrrrrrrrrrrrrrrrrrrrrrrrr
6,9.190064315133433E-6,rrrrraaaaarrrarrrrrrrrrrrrrrrrrrrrrrrrrrrrrrrrrrrrrrrrrrrrrrrrrrrrrrrrrrrrrrrrrrrrrrrrrrrrrrrrrrrrrrrrrrrrrrrrrrrrrrrrrrrrrrrrrrrrrrrrrr
6,9.190064315133433E-6,aaaaaaaaaaarraarrrrrrrrrrrrrrrrrrrrrrrrrrrrrrrrrrrrrrrrrrrrrrrrrrrrrrrrrrrrrrrrrrrrrrrrrrrrrrrrrrrrrarrarararrrrrrrrrrrrrrrrrrrrrrrrrrrr
6,9.190064315133433E-6,araaraarrrrrrrrrrrrrrrrrrrrrrrrrrrrrrrrrrrrrrrrrrrrrrrrrrrrrrrrrrrrrrrrrrrrrrrrrrrrrrrrrrrrrrrrrrrrrrrrrrrrrrrrrrrrrrrrrrrrrrrrrrrrrrrrr
6,9.190064315133433E-6,rrrrraaaarrrrrrrrrrrrrrrrrrrrrrrrrrrrrrrrrrrrrrrrrrrrrrrrrrrrrrrrrrrrrrrrrrrrrrrrrrrrrrrrrrrrrrrrrrrarrarrrrrrrrrrrrrrrrrrrrrrrrrrrrrrrr
6,9.190064315133433E-6,aarrarrrrrrrrrrrrrrrrrrrrrrrrrrrrrrrrrrrrrrrrrrrrrrrrrrrrrrrrrrrrrrrrrrrrrrrrrrrrrrrrrrrrrrrrrrrrrrrarrararrrrrrrrrrrrrrrrrrrrrrrrrrrrrr
6,9.190064315133433E-6,aaaaaaaaararrrrrrrrrraarrrrrrrrrrrrrrrrrrrrrrrrrrrrrrrrrrrrrrrrrrrrrrrrrrrrrrrrrrrrrrrrrrrrrrrrrrrrrrrrrrrrrrrrrrrrrrrrrrrrrrrrrrrrrrrrr
6,9.190064315133433E-6,aaaaraaaarrraarrrrrrrrrrrrrrrrrrrrrrrrrrrrrrrrrrrrrrrrrrrrrrrrrrrrrrrrrrrrrrrrrrrrrrrrrrrrrrrrrrrrrrrrrrrrrrrrrrrrrrrrrrrrrrrrrrrrrrrrrr
5,7.65838692927786E-6,aaaaarrrrrrrrrrrrrrrrrrrrrrrrrrrrrrrrrrrrrrrrrrrrrrrrrrrrrrrrrrrrrrrrrrrrrrrrrrrrrrrrrrrrrrrrrrrrrrrarrararrrrrrrrrrrrrrrrrrrrrrrrrrrrrr
5,7.65838692927786E-6,aarrarrrrraraarrrrrrrrrrrrrrrrrrrrrrrrrrrrrrrrrrrrrrrrrrrrrrrrrrrrrrrrrrrrrrrrrrrrrrrrrrrrrrrrrrrrrrarrarararrrrrrrrrrrrrrrrrrrrrrrrrrrr
5,7.65838692927786E-6,rrrrrrrrrrrraarrrrrrrrrrrrrrrrrrrrrrrrrrrrrrrrrrrrrrrrrrrrrrrrrrrrrrrrrrrrrrrrrrrrrrrrrrrrrrrrrrrrrrrrrarrrarrrrrrrrrrrrrrrrrrrrrrrrrrrr
5,7.65838692927786E-6,aaaaaaaaaraaaaarrrrrrrrrrrrrrrrrrrrrrrrrrrrrrrrrrrrrrrrrrrrrrrrrrrrrrrrrrrrrrrrrrrrrrrrrrrrrrrrrrrrrrrrrrrrrrrrrrrrrrrrrrrrrrrrrrrrrrrrr
5,7.65838692927786E-6,aaaaaaaaararrarrrrrrrrrrrrraaarrrrrrrrrrrrrrrrrrrrrrrrrrrrrrrrrrrrrrrrrrrrrrrrrrrrrrrrrrrrrrrrrrrrrrarrararrrrrrrrrrrrrrrrrrrrrrrrrrrrrr
5,7.65838692927786E-6,aaaaarrrrrrrrrarrrrrrrrrrrrrrrrrrrrrrrrrrrrrrrrrrrrrrrrrrrrrrrrrrrrrrrrrrrrrrrrrrrrrrrrrrrrrrrrrrrrrarrararrrrrrrrrrrrrrrrrrrrrrrrrrrrrr
5,7.65838692927786E-6,aaaaaaaaaaaraaararraraaaaaaaaararrrrarrrrrrrrrrrrrrrrrrrrrrrrrrrrrrrrrrrrrrrrrrrrrrrrrrrrrrrrrrrrrrrarrarararraaaarrraaarrrrrrrrrrrrrrrr
4,6.126709543422288E-6,rrrrrrrrrrrrrarrrrrrrrrrrrrrrrrrrrrrrrrrrrrrrrrrrrrrrrrrrrrrrrrrrrrrrrrrrrrrrrrrrrrrrrrrrrrrrrrrrrrrarrarrrarrrrrrrrrrrrrrrrrrrrrrrrrrrr
4,6.126709543422288E-6,aaaarrrrrrraaaarrrrrrrrrrrrrrrrrrrrrrrrrrrrrrrrrrrrrrrrrrrrrrrrrrrrrrrrrrrrrrrrrrrrrrrrrrrrrrrrrrrrrrrrrrrrrrrrrrrrrrrrrrrrrrrrrrrrrrrrr
4,6.126709543422288E-6,araaraarrrrrrarrrrrrrrrrrrrrrrrrrrrrrrrrrrrrrrrrrrrrrrrrrrrrrrrrrrrrrrrrrrrrrrrrrrrrrrrrrrrrrrrrrrrrrrrrrrrrrrrrrrrrrrrrrrrrrrrrrrrrrrrr
4,6.126709543422288E-6,rrrrarrrrrrraarrrrrrrrrrrrrrrrrrrrrrrrrrrrrrrrrrrrrrrrrrrrrrrrrrrrrrrrrrrrrrrrrrrrrrrrrrrrrrrrrrrrrrrrrrrrrrrrrrrrrrrrrrrrrrrrrrrrrrrrrr
4,6.126709543422288E-6,aarraaarrraraarrrrrrrrrrrrrrrrrrrrrrrrrrrrrrrrrrrrrrrrrrrrrrrrrrrrrrrrrrrrrrrrrrrrrrrrrrrrrrrrrrrrrrrrrrrrrrrrrrrrrrrrrrrrrrrrrrrrrrrrrr
4,6.126709543422288E-6,aaaaaaaaaaaarrarrrrrrrrrrrrrrrrrrrrrarrrrrrrrrrrrrrrrrrrrrrrrrrrrrrrrrrrrrrrrrrrrrrrrrrrrrrrrrrrrrrrrrrrrrrrrrarrrrrrrrrrrrrrrrrrrrrrrrr
4,6.126709543422288E-6,aaaaaaaaaaaaaaarrrrrrrrrrrrrrrrrrrrrarrrrrrrrrrrrrrrrrrrrrrrrrrrrrrrrrrrrrrrrrrrrrrrrrrrrrrrrrrrrrrrarrarararrarrrrrrarrrrrrrrrrrrrrrrrr
4,6.126709543422288E-6,aarrraarrrrrrarrrrrrrrrrrrrrrrrrrrrrrrrrrrrrrrrrrrrrrrrrrrrrrrrrrrrrrrrrrrrrrrrrrrrrrrrrrrrrrrrrrrrrarrarrrrrrrrrrrrrrrrrrrrrrrrrrrrrrrr
4,6.126709543422288E-6,aaaaaaraararrrrrrrrrrrrrrrrrrrrrrrrrrrrrrrrrrrrrrrrrrrrrrrrrrrrrrrrrrrrrrrrrrrrrrrrrrrrrrrrrrrrrrrrrrrrrrrrrrrrrrrrrrrrrrrrrrrrrrrrrrrrr
4,6.126709543422288E-6,aaaaarrrrrraaaarrrrrrrrrrrrrrrrrrrrrrrrrrrrrrrrrrrrrrrrrrrrrrrrrrrrrrrrrrrrrrrrrrrrrrrrrrrrrrrrrrrrrarrarararrrrrrrrrrrrrrrrrrrrrrrrrrrr
4,6.126709543422288E-6,aarraaarrrrraarrrrrrrrrrrrrrrrrrrrrrrrrrrrrrrrrrrrrrrrrrrrrrrrrrrrrrrrrrrrrrrrrrrrrrrrrrrrrrrrrrrrrrarrarararrrrrrrrrrrrrrrrrrrrrrrrrrrr
4,6.126709543422288E-6,aaaaaaaaaaaaraarrrrrrrrrrrrrrrrrrrrrrrrrrrrrrrrrrrrrrrrrrrrrrrrrrrrrrrrrrrrrrrrrrrrrrrrrrrrrrrrrrrrrarrarararrrrrrrrrrrrrrrrrrrrrrrrrrrr
4,6.126709543422288E-6,aaaaaaaaaaaaaaarrrrrrrrrrrrrrrrrrrrrarrrrrrrrrrrrrrrrrrrrrrrrrrrrrrrrrrrrrrrrrrrrrrrrrrrrrrrrrrrrrrrrrrrrrrrrrarrarrrraarrrrrrrrrrrrrrrr
4,6.126709543422288E-6,rarrrrrrrrrrrrrrrrrrrrrrrrrrrrrrrrrrrrrrrrrrrrrrrrrrrrrrrrrrrrrrrrrrrrrrrrrrrrrrrrrrrrrrrrrrrrrrrrrrrrrrrrrrrrrrrrrrrrrrrrrrrrrrrrrrrrrr
4,6.126709543422288E-6,rrrrrarrrrrrrrrrrrrrrrrrrrrrrrrrrrrrrrrrrrrrrrrrrrrrrrrrrrrrrrrrrrrrrrrrrrrrrrrrrrrrrrrrrrrrrrrrrrrrarrarrrrrrrrrrrrrrrrrrrrrrrrrrrrrrrr
4,6.126709543422288E-6,aaaaaaaaaaaraaarrrrrrrrrrrrrrrrrrrrrrrrrrrrrrrrrrrrrrrrrrrrrrrrrrrrrrrrrrrrrrrrrrrrrrrrrrrrrrrrrrrrrrrrrrrrrrrrrrrrrrrrraarrrrrrrrrrrrrr
3,4.595032157566716E-6,aaaaaaaaaaaaraarrrrrrrrrrrrrrrrrrrrrrrrrrrrrrrrrrrrrrrrrrrrrrrrrrrrrrrrrrrrrrrrrrrrrrrrrrrrrrrrrrrrrrrrrrrrrrrrrrrrrrrrrrrrrrrrrrrrrrrrr
3,4.595032157566716E-6,aarraaarrraaaarrarrarrrraarrrrrrrrrrrrrrrrrrrrrrrrrrrrrrrrrrrrrrrrrrrrrrrrrrrrrrrrrrrrrrrrrrrrrrrrrrrrrrrrrrrrrrrrrrrrrrrrrrrrrrrrrrrrrr
3,4.595032157566716E-6,rrrrraaaarrrrrrrrrrrrrrrrrrrrrrrrrrrrrrrrrrrrrrrrrrrrrrrrrrrrrrrrrrrrrrrrrrrrrrrrrrrrrrrrrrrrrrrrrrrrrrarrrrrrrrrrrrrrrrrrrrrrrrrrrrrrrr
3,4.595032157566716E-6,aaaaaaaaaaaraaararraraaaaaarrrrrrrrrarrrrrrrrrrrrrrrrrrrrrrrrrrrrrrrrrrrrrrrrrrrrrrrrrrrrrrrrrrrrrrrrrrrrrrrrraaaarrraaaaarrrrrrrrrrrrrr
3,4.595032157566716E-6,aaaaaaaaaaaaaaararraraaaaaarrrrrrrrrarrrrrrrrrrrrrrrrrrrrrrrrrrrrrrrrrrrrrrrrrrrrrrrrrrrrrrrrrrrrrrrrrrrrrrrrraaaarrraaaaarrrrrrrrrrrrrr
3,4.595032157566716E-6,aarrarrrrrrraarrrrrrrrrrrrrrrrrrrrrrrrrrrrrrrrrrrrrrrrrrrrrrrrrrrrrrrrrrrrrrrrrrrrrrrrrrrrrrrrrrrrrrarrarararrrrrrrrrrrrrrrrrrrrrrrrrrrr
3,4.595032157566716E-6,aaaaaaaaaaaraaarrrrrrrrrrrraaararrrrarrrrrrrrrrrrrrrrrrrrrrrrrrrrrrrrrrrrrrrrrrrrrrrrrrrrrrrrrrrrrrrarrarararrarrrrrrrrrrrrrrrrrrrrrrrrr
3,4.595032157566716E-6,aaaaaaraararrarrrrrrrrrrrrrrrrrrrrrrrrrrrrrrrrrrrrrrrrrrrrrrrrrrrrrrrrrrrrrrrrrrrrrrrrrrrrrrrrrrrrrrrrrrrrrrrrrrrrrrrrrrrrrrrrrrrrrrrrrr
3,4.595032157566716E-6,aaaaaaaaaaarrrarrrrrrrrrrrrrrrrrrrrrrrrrrrrrrrrrrrrrrrrrrrrrrrrrrrrrrrrrrrrrrrrrrrrrrrrrrrrrrrrrrrrrarrarararrrrrrrrrrrrrrrrrrrrrrrrrrrr
3,4.595032157566716E-6,aaaaraaaaarrrrarrrrrrrrrrrrrrrrrrrrrrrrrrrrrrrrrrrrrrrrrrrrrrrrrrrrrrrrrrrrrrrrrrrrrrrrrrrrrrrrrrrrrarrarrrrrrrrrrrrrrrrrrrrrrrrrrrrrrrr
3,4.595032157566716E-6,aaaaraaaaaaaaaarrrrrrrrrrrrrrrrrrrrrrrrrrrrrrrrrrrrrrrrrrrrrrrrrrrrrrrrrrrrrrrrrrrrrrrrrrrrrrrrrrrrrrrrrrrrrrrrrrrrrrrrrrrrrrrrrrrrrrrrr
3,4.595032157566716E-6,rrrrraarrrrrrrrrrrrrrrrrrrrrrrrrrrrrrrrrrrrrrrrrrrrrrrrrrrrrrrrrrrrrrrrrrrrrrrrrrrrrrrrrrrrrrrrrrrrrrrrrrrrrrrrrrrrrrrrrrrrrrrrrrrrrrrrr
3,4.595032157566716E-6,arrraarrrrarrrrrrrrrrrrrrrrrrrrrrrrrrrrrrrrrrrrrrrrrrrrrrrrrrrrrrrrrrrrrrrrrrrrrrrrrrrrrrrrrrrrrrrrrarrrrararrrrrrrrrrrrrrrrrrrrrrrrrrrr
3,4.595032157566716E-6,aaraaaaaaaaaaaarrrrrrrrrrrrrrrrrrrrrrrrrrrrrrrrrrrrrrrrrrrrrrrrrrrrrrrrrrrrrrrrrrrrrrrrrrrrrrrrrrrrrrrrrrrrrrrrrrrrrrrrrrrrrrrrrrrrrrrrr
3,4.595032157566716E-6,aaaaaaaaaaaaaaarrrrrrrrrrrrrrrrrrrrrarrrrrrrrrrrrrrrrrrrrrrrrrrrrrrrrrrrrrrrrrrrrrrrrrrrrrrrrrrrrrrrrrrrrrrrrrarrrrrrrrrrrrrrrrrrrrrrrrr
3,4.595032157566716E-6,aaaaraaaarrarrrrrrrrrrrrrrrrrrrrrrrrrrrrrrrrrrrrrrrrrrrrrrrrrrrrrrrrrrrrrrrrrrrrrrrrrrrrrrrrrrrrrrrrrrrrrrrrrrrrrrrrrrrrrrrrrrrrrrrrrrrr
3,4.595032157566716E-6,aaaaaaaaaaaaaaarrrrrrrrrrrrrrrrrrrrrrrrrrrrrrrrrrrrrrrrrrrrrrrrrrrrrrrrrrrrrrrrrrrrrrrrrrrrrrrrrrrrrrrrrrrrrrrrrrrrrrrrraarrrrrrrrrrrrrr
3,4.595032157566716E-6,aaaaaaaaararaarrrrrrrrrrrrrrrrrrrrrrrrrrrrrrrrrrrrrrrrrrrrrrrrrrrrrrrrrrrrrrrrrrrrrrrrrrrrrrrrrrrrrrarrarararrrrrrrrrrrrrrrrrrrrrrrrrrrr
3,4.595032157566716E-6,aarrarrrrrrrrarrrrrrrrrrrrrrrrrrrrrrrrrrrrrrrrrrrrrrrrrrrrrrrrrrrrrrrrrrrrrrrrrrrrrrrrrrrrrrrrrrrrrrrrrrrrrrrrrrrrrrrrrrrrrrrrrrrrrrrrrr
3,4.595032157566716E-6,aaaaaaaaaaarrrrrrrrrrrrrrrrrrrrrrrrrrrrrrrrrrrrrrrrrrrrrrrrrrrrrrrrrrrrrrrrrrrrrrrrrrrrrrrrrrrrrrrrrarrararrrrrrrrrrrrrrrrrrrrrrrrrrrrrr
2,3.063354771711144E-6,aaaaaaaaaaaraaarrrrrrrrrrrrrrrrrrrrrarrrrrrrrrrrrrrrrrrrrrrrrrrrrrrrrrrrrrrrrrrrrrrrrrrrrrrrrrrrrrrrrrrrrrrrrrarrrrrrrrrrrrrrrrrrrrrrrrr
2,3.063354771711144E-6,arrraarrrrarrrrrrrrrrrrrrrrrrrrrrrrrrrrrrrrrrrrrrrrrrrrrrrrrrrrrrrrrrrrrrrrrrrrrrrrrrrrrrrrrrrrrrrrrarrrrarrrrrrrrrrrrrrrrrrrrrrrrrrrrrr
2,3.063354771711144E-6,rrrrrrrrrrrrrrrrrrrrrrrrrrrrrrrrrrrrrrrrrrrrrrrrrrrrrrrrrrrrrrrrrrrrrrrrrrrrrrrrrrrrrrrrrrrrrrrrrrrrarrarrrrrrrrrrrrrrrrrrrrrrrrrrrrrrrr
2,3.063354771711144E-6,aaaaaaaraaaaaaarrrrrrrrrrrrrrrrrrrrrrrrrrrrrrrrrrrrrrrrrrrrrrrrrrrrrrrrrrrrrrrrrrrrrrrrrrrrrrrrrrrrrrrrrrrrrrrrrrrrrrrrrrrrrrrrrrrrrrrrr
2,3.063354771711144E-6,aaaaarrrrrrrrrarrrrrrrrrrrrrrrrrrrrrrrrrrrrrrrrrrrrrrrrrrrrrrrrrrrrrrrrrrrrrrrrrrrrrrrrrrrrrrrrrrrrrrrrrrrrrrrrrrrrrrrrrrrrrrrrrrrrrrrrr
2,3.063354771711144E-6,aaaaaaaaaarrrrarrrrrrrrrrrrrrrrrrrrrrrrrrrrrrrrrrrrrrrrrrrrrrrrrrrrrrrrrrrrrrrrrrrrrrrrrrrrrrrrrrrrrrrrrrrrrrrrrrrrrrrrrrrrrrrrrrrrrrrrr
2,3.063354771711144E-6,aaaaaaaaaaaraaarrrrrrrrrrrrrrrrrrrrrarrrrrrrrrrrrrrrrrrrrrrrrrrrrrrrrrrrrrrrrrrrrrrrrrrrrrrrrrrrrrrrrrrrrrrrrrarrarrrraarrrrrrrrrrrrrrrr
2,3.063354771711144E-6,rarrrrarrrrrrarrrrrrrrrrrrrrrrrrrrrrrrrrrrrrrrrrrrrrrrrrrrrrrrrrrrrrrrrrrrrrrrrrrrrrrrrrrrrrrrrrrrrrrrrrrrrrrrrrrrrrrrrrrrrrrrrrrrrrrrrr
2,3.063354771711144E-6,aaaaaaaaaaaaraarrrrrrrrrrrraaararrrrrrrrrrrrrrrrrrrrrrrrrrrrrrrrrrrrrrrrrrrrrrrrrrrrrrrrrrrrrrrrrrrrarrarararrrrrrrrrrrrrrrrrrrrrrrrrrrr
2,3.063354771711144E-6,aaaaaaaaaaaraaarrrrrrrrrrrrrrrrrrrrrrrrrrrrrrrrrrrrrrrrrrrrrrrrrrrrrrrrrrrrrrrrrrrrrrrrrrrrrrrrrrrrrarraraaarrrrrrrrrrrraarrrrrrrrrrrrrr
2,3.063354771711144E-6,arrraaaaarrrrrrrrrrrrrrrrrrrrrrrrrrrrrrrrrrrrrrrrrrrrrrrrrrrrrrrrrrrrrrrrrrrrrrrrrrrrrrrrrrrrrrrrrrrarrarrrrrrrrrrrrrrrrrrrrrrrrrrrrrrrr
2,3.063354771711144E-6,aaaaaaaaararrrrrrrrrraarrrraaarrrrrrrrrrrrrrrrrrrrrrrrrrrrrrrrrrrrrrrrrrrrrrrrrrrrrrrrrrrrrrrrrrrrrrarrararrrrrrrrrrrrrrrrrrrrrrrrrrrrrr
2,3.063354771711144E-6,aaaaraaaaararrarrrrrrrrrrrrrrrrrrrrrrrrrrrrrrrrrrrrrrrrrrrrrrrrrrrrrrrrrrrrrrrrrrrrrrrrrrrrrrrrrrrrrarrarrrrrrrrrrrrrrrrrrrrrrrrrrrrrrrr
2,3.063354771711144E-6,rrrrrrrrrrrrrrrrrrrrrrrrrrrrrrrrrrrrrrrrrrrrrrrrrrrrrrrrrrrrrrrrrrrrrrrrrrrrrrrrrrrrrrrrrrrrrrrrrrrrarrrrrrrrrrrrrrrrrrrrrrrrrrrrrrrrrrr
2,3.063354771711144E-6,rrrrrrrrrrrrrrrrrrrrrrrrrrrrrrrrrrrrrrrrrrrrrrrrrrrrrrrrrrrrrrrrrrrrrrrrrrrrrrrrrrrrrrrrrrrarrarrrrrrrrrrrrrrrrrrrrrrrrrrrrrrrrrrrrrrrrr
2,3.063354771711144E-6,rrrrrarrrrrrrrrrrrrrrrrrrrrrrrrrrrrrrrrrrrrrrrrrrrrrrrrrrrrrrrrrrrrrrrrrrrrrrrrrrrrrrrrrrrrrrrrrrrrrarrrrarrrrrrrrrrrrrrrrrrrrrrrrrrrrrr
2,3.063354771711144E-6,aaaaarrrrrrrrarrrrrrrrrrrrrrrrrrrrrrrrrrrrrrrrrrrrrrrrrrrrrrrrrrrrrrrrrrrrrrrrrrrrrrrrrrrrrrrrrrrrrrarrarararrrrrrrrrrrrrrrrrrrrrrrrrrrr
2,3.063354771711144E-6,aarrarrrrrrraarrrrrrrrrrrrrrrrrrrrrrrrrrrrrrrrrrrrrrrrrrrrrrrrrrrrrrrrrrrrrrrrrrrrrrrrrrrrrrrrrrrrrrarrarrrarrrrrrrrrrrrrrrrrrrrrrrrrrrr
2,3.063354771711144E-6,aaaaaaaaaaarrrarrrrrrrrrrrraaarrrrrrrrrrrrrrrrrrrrrrrrrrrrrrrrrrrrrrrrrrrrrrrrrrrrrrrrrrrrrrrrrrrrrrarrararrrrrrrrrrrrrrrrrrrrrrrrrrrrrr
2,3.063354771711144E-6,rrrraaarrrarrrrrrrrrrrrrrrrrrrrrrrrrrrrrrrrrrrrrrrrrrrrrrrrrrrrrrrrrrrrrrrrrrrrrrrrrrrrrrrrrrrrrrrrrarrararrrrrrrrrrrrrrrrrrrrrrrrrrrrrr
2,3.063354771711144E-6,rarrrrrrrrrraarrrrrrrrrrrrrrrrrrrrrrrrrrrrrrrrrrrrrrrrrrrrrrrrrrrrrrrrrrrrrrrrrrrrrrrrrrrrrrrrrrrrrrarrrrrrarrrrrrrrrrrrrrrrrrrrrrrrrrrr
2,3.063354771711144E-6,rrrraaaaaaarrarrrrrrrrrrrrrrrrrrrrrrrrrrrrrrrrrrrrrrrrrrrrrrrrrrrrrrrrrrrrrrrrrrrrrrrrrrrrrrrrrrrrrrarrarararrrrrrrrrrrrrrrrrrrrrrrrrrrr
2,3.063354771711144E-6,arrrrarrrraraarrrrrrrrrrrrrrrrrrrrrrrrrrrrrrrrrrrrrrrrrrrrrrrrrrrrrrrrrrrrrrrrrrrrrrrrrrrrrrrrrrrrrrarrrrararrrrrrrrrrrrrrrrrrrrrrrrrrrr
2,3.063354771711144E-6,rrrrrrrrrrrrrrrrrrrrrrrrrrrrrrrrrrrrrrrrrrrrrrrrrrrrrrrrrrrrrrrrrrrrrrrrrrrrrrrrrrrrrrrrrrrrrrrrrrrrrrrarrrrrrrrrrrrrrrrrrrrrrrrrrrrrrrr
2,3.063354771711144E-6,rarrrrrrrrrrrarrrrrrrrrrrrrrrrrrrrrrrrrrrrrrrrrrrrrrrrrrrrrrrrrrrrrrrrrrrrrrrrrrrrrrrrrrrrrrrrrrrrrrrrrrrrrrrrrrrrrrrrrrrrrrrrrrrrrrrrrr
2,3.063354771711144E-6,arrrarrrrrrrrrrrrrrrrrrrrrrrrrrrrrrrrrrrrrrrrrrrrrrrrrrrrrrrrrrrrrrrrrrrrrrrrrrrrrrrrrrrrrrrrrrrrrrrarrrrarrrrrrrrrrrrrrrrrrrrrrrrrrrrrr
2,3.063354771711144E-6,aaaaraaaarrarrrrrrrrrrrrrrrrrrrrrrrrrrrrrrrrrrrrrrrrrrrrrrrrrrrrrrrrrrrrrrrrrrrrrrrrrrrrrrrrrrrrrrrrarrarrrrrrrrrrrrrrrrrrrrrrrrrrrrrrrr
2,3.063354771711144E-6,aaaaaaraaaaaaaarrrrrrrrrrrrrrrrrrrrrrrrrrrrrrrrrrrrrrrrrrrrrrrrrrrrrrrrrrrrrrrrrrrrrrrrrrrrrrrrrrrrrrrrrrrrrrrrrrrrrrrrrrrrrrrrrrrrrrrrr
2,3.063354771711144E-6,aarrrrrrrraraarrrrrrrrrrrrrrrrrrrrrrrrrrrrrrrrrrrrrrrrrrrrrrrrrrrrrrrrrrrrrrrrrrrrrrrrrrrrrrrrrrrrrrarrarararrrrrrrrrrrrrrrrrrrrrrrrrrrr
2,3.063354771711144E-6,aaaarrrrrrrrrarrrrrrrrrrrrrrrrrrrrrrrrrrrrrrrrrrrrrrrrrrrrrrrrrrrrrrrrrrrrrrrrrrrrrrrrrrrrrrrrrrrrrrrrrrrrrrrrrrrrrrrrrrrrrrrrrrrrrrrrrr
2,3.063354771711144E-6,aaaaaaaaaaarraararraraaaararrrrrrrrrarrrrrrrrrrrrrrrrrrrrrrrrrrrrrrrrrrrrrrrrrrrrrrrrrrrrrrrrrrrrrrrrrrrrrrrrrarrrrrrrrrrrrrrrrrrrrrrrrr
2,3.063354771711144E-6,arrrrrrrrrrrrrrrrrrrrrrrrrrrrrrrrrrrrrrrrrrrrrrrrrrrrrrrrrrrrrrrrrrrrrrrrrrrrrrrrrrrrrrrrrrrrrrrrrrrrrrrrrrrrrrrrrrrrrrrrrrrrrrrrrrrrrrr
2,3.063354771711144E-6,arrrarrrrrrraarrrrrrrrrrrrrrrrrrrrrrrrrrrrrrrrrrrrrrrrrrrrrrrrrrrrrrrrrrrrrrrrrrrrrrrrrrrrrrrrrrrrrrarrrrararrrrrrrrrrrrrrrrrrrrrrrrrrrr
2,3.063354771711144E-6,aaaaaaaaaaaraaararraraaraaarrrrrrrrrrrrrrrrrrrrrrrrrrrrrrrrrrrrrrrrrrrrrrrrrrrrrrrrrrrrrrrrrrrrrrrrrrrrrrrrrrrraaarrraaaaarrrrrrrrrrrrrr
1,1.531677385855572E-6,rrrrrrrrrrrrrrrrrrrrrrrrrrrrrrrrrrrrrrrrrrrrrrrrrrrrrrrrrrrrrrrrrrrrrrrrrrrrrrrrrrrrrrrrrrrrrrrrrrrrrrrrrrrarrrrrrrrrrrrrrrrrrrrrrrrrrrr
1,1.531677385855572E-6,aaaaraaaaarrrarrrrrrrrrrrrrrrrrrrrrrrrrrrrrrrrrrrrrrrrrrrrrrrrrrrrrrrrrrrrrrrrrrrrrrrrrrrrrrrrrrrrrrarrarrrrrrrrrrrrrrrrrrrrrrrrrrrrrrrr
1,1.531677385855572E-6,aaaaraaaarrarrrrrrrrrrrrrrraarrrrrrrrrrrrrrrrrrrrrrrrrrrrrrrrrrrrrrrrrrrrrrrrrrrrrrrrrrrrrrrrrrrrrrrarrarrrrrrrrrrrrrrrrrrrrrrrrrrrrrrrr
1,1.531677385855572E-6,rarrraaaarrrrrrrrrrrrrrrrrrrrrrrrrrrrrrrrrrrrrrrrrrrrrrrrrrrrrrrrrrrrrrrrrrrrrrrrrrrrrrrrrrrrrrrrrrrrrrrrrrrrrrrrrrrrrrrrrrrrrrrrrrrrrrr
1,1.531677385855572E-6,aarraaarrrarrrrrarrarrrrarraaarrrrrrrrrrrrrrrrrrrrrrrrrrrrrrrrrrrrrrrrrrrrrrrrrrrrrrrrrrrrrrrrrrrrrrarrararrrrrrrrrrrrrrrrrrrrrrrrrrrrrr
1,1.531677385855572E-6,rrrrararrrarrrrrrrrrrrrrrrrrrrrrrrrrrrrrrrrrrrrrrrrrrrrrrrrrrrrrrrrrrrrrrrrrrrrrrrrrrrrrrrrrrrrrrrrrrrrrrrrrrrrrrrrrrrrrrrrrrrrrrrrrrrrr
1,1.531677385855572E-6,rrrrrrrrrrrrrrrrrrrrrrrrrrrrarrrrrrrrrrrrrrrrrrrrrrrrrrrrrrrrrrrrrrrrrrrrrrrrrrrrrrrrrrrrrrrrrrrrrrrrrrarrrrrrrrrrrrrrrrrrrrrrrrrrrrrrrr
1,1.531677385855572E-6,araraarrararrrarrrrrrrrrrrrrrrrrrrrrrrrrrrrrrrrrrrrrrrrrrrrrrrrrrrrrrrrrrrrrrrrrrrrrrrrrrrrrrrrrrrrrrrrarrrarrrrrrrrrrrrrrrrrrrrrrrrrrrr
1,1.531677385855572E-6,aarraaaaarrrrrrrrrrrrrrrrrrrrrrrrrrrrrrrrrrrrrrrrrrrrrrrrrrrrrrrrrrrrrrrrrrrrrrrrrrrrrrrrrrrrrrrrrrrarrarrrrrrrrrrrrrrrrrrrrrrrrrrrrrrrr
1,1.531677385855572E-6,rrrrrrrrrrrrrrrrrrrrrrrrrrrrrrrrrrrrrrrrrrrrrrrrrrrrrrrrrrrrrrrrrrrrrrrrrrrrrrrrrrrrrrrrrrrarrarararrrrrrrrrrrrrrrrrrrrrrrrrrrrrrrrrrrrr
1,1.531677385855572E-6,aaaaaraaararrrrrrrrrrrrrrrrrrrrrrrrrrrrrrrrrrrrrrrrrrrrrrrrrrrrrrrrrrrrrrrrrrrrrrrrrrrrrrrrrrrrrrrrrrrrrrrrrrrrrrrrrrrrrrrrrrrrrrrrrrrrr
1,1.531677385855572E-6,aaaaarraarrrrrrrrrrrrrrrrrrrrrrrrrrrrrrrrrrrrrrrrrrrrrrrrrrrrrrrrrrrrrrrrrrrrrrrrrrrrrrrrrrrrrrrrrrrrrrarrrrrrrrrrrrrrrrrrrrrrrrrrrrrrrr
1,1.531677385855572E-6,rarrrrrrrrrraarrrrrrrrrrrrrrrrrrrrrrrrrrrrrrrrrrrrrrrrrrrrrrrrrrrrrrrrrrrrrrrrrrrrrrrrrrrrrrrrrrrrrrrrrrrrrrrrrrrrrrrrrrrrrrrrrrrrrrrrrr
1,1.531677385855572E-6,rrrrrrrrrarrraarrrrrrrrrrrrrrrrrrrrrrrrrrrrrrrrrrrrrrrrrrrrrrrrrrrrrrrrrrrrrrrrrrrrrrrrrrrrrrrrrrrrrrrrrrrrrrrrrrrrrrrrrrrrrrrrrrrrrrrrr
1,1.531677385855572E-6,araaarrrrrrraaarrrrrrrrrrrrrrrrrrrrrrrrrrrrrrrrrrrrrrrrrrrrrrrrrrrrrrrrrrrrrrrrrrrrrrrrrrrrrrrrrrrrrarrarararrrrrrrrrrrrrrrrrrrrrrrrrrrr
1,1.531677385855572E-6,rarrrrrrrrrrrrrrrrrrrrrrrrrrrrrrrrrrrrrrrrrrrrrrrrrrrrrrrrrrrrrrrrrrrrrrrrrrrrrrrrrrrrrrrrrrrrrrrrrrarrrrrrarrrrrrrrrrrrrrrrrrrrrrrrrrrr
1,1.531677385855572E-6,aaaaarrrrrraraarrrrrrrrrrrrrrrrrrrrrarrrrrrrrrrrrrrrrrrrrrrrrrrrrrrrrrrrrrrrrrrrrrrrrrrrrrrrrrrrrrrrrrrrrrrrrrrrrarrrrrrrrrrrrrrrrrrrrrr
1,1.531677385855572E-6,rrrrrrrrrrrrrrrrrrrrrrrrrrrrrrrrrrrrrrrrrrrrrrrrrrrrrrrrrrrrrrrrrrrrrrrrrrrrrrrrrrrrrrrrrrrrrrrrrrrrarrrrarrrrrrrrrrrrrrrrrrrrrrrrrrrrrr
1,1.531677385855572E-6,aaaaaaaaaaaaaaarrrrrrrrrrrrrrrrrrrrrrrrrrrrrrrrrrrrrrrrrrrrrrrrrrrrrrrrrrrrrrrrrrrrrrrrrrrrrrrrrrrrrarraraaarrrrrrrrrrrrrrrrrrrrrrrrrrrr
1,1.531677385855572E-6,rararrrrrrrrrrrrrrrrrrrrrrrrrrrrrrrrrrrrrrrrrrrrrrrrrrrrrrrrrrrrrrrrrrrrrrrrrrrrrrrrrrrrrrrrrrrrrrrrrrrrrrrrrrrrrrrrrrrrrrrrrrrrrrrrrrrr
1,1.531677385855572E-6,rrrrraaaararrrrrrrrrrrrrrrrrrrrrrrrrrrrrrrrrrrrrrrrrrrrrrrrrrrrrrrrrrrrrrrrrrrrrrrrrrrrrrrrrrrrrrrrrarrararrrrrrrrrrrrrrrrrrrrrrrrrrrrrr
1,1.531677385855572E-6,aaaaaaaaaaaraaarrrrrrrrrrrrrrrrrrrrrarrrrrrrrrrrrrrrrrrrrrrrrrrrrrrrrrrrrrrrrrrrrrrrrrrrrrrrrrrrrrrrrrrrrrrrrrarrarrraaaaarrrrrrrrrrrrrr
1,1.531677385855572E-6,aarraaarrrarrrrrrrrrrrrrrrrrrrrrrrrrrrrrrrrrrrrrrrrrrrrrrrrrrrrrrrrrrrrrrrrrrrrrrrrrrrrrrrrrrrrrrrrrarrarararrrrrrrrrrrrrrrrrrrrrrrrrrrr
1,1.531677385855572E-6,araararaaarrrrarrrrrrrrrrrrrrrrrrrrrrrrrrrrrrrrrrrrrrrrrrrrrrrrrrrrrrrrrrrrrrrrrrrrrrrrrrrrrrrrrrrrrarrrrrrrrrrrrrrrrrrrrrrrrrrrrrrrrrrr
1,1.531677385855572E-6,arrrrrrrrrrraarrrrrrrrrrrrrrrrrrrrrrrrrrrrrrrrrrrrrrrrrrrrrrrrrrrrrrrrrrrrrrrrrrrrrrrrrrrrrrrrrrrrrrarrrrrrarrrrrrrrrrrrrrrrrrrrrrrrrrrr
1,1.531677385855572E-6,arrrrarrrraraarrrrrrrrrrrrrrrrrrrrrrrrrrrrrrrrrrrrrrrrrrrrrrrrrrrrrrrrrrrrrrrrrrrrrrrrrrrrrrrrrrrrrrarrrrrrarrrrrrrrrrrrrrrrrrrrrrrrrrrr
1,1.531677385855572E-6,rrrrrrrrrrrarrarrrrrrrrrrrrrrrrrrrrrrrrrrrrrrrrrrrrrrrrrrrrrrrrrrrrrrrrrrrrrrrrrrrrrrrrrrrrrrrrrrrrrarrarrrrrrrrrrrrrrrrrrrrrrrrrrrrrrrr
1,1.531677385855572E-6,rrrrrarrrrrrrarrrrrrrrrrrrrrrrrrrrrrrrrrrrrrrrrrrrrrrrrrrrrrrrrrrrrrrrrrrrrrrrrrrrrrrrrrrrrrrrrrrrrrrrrrrrrrrrrrrrrrrrrrrrrrrrrrrrrrrrrr
1,1.531677385855572E-6,rararaaaarrrrrrrrrrrrrrrrrrrrrrrrrrrrrrrrrrrrrrrrrrrrrrrrrrrrrrrrrrrrrrrrrrrrrrrrrrrrrrrrrrrrrrrrrrrrrrrrrrrrrrrrrrrrrrrrrrrrrrrrrrrrrrr
1,1.531677385855572E-6,aaaaarrrrrrraaarrrrrrrrrrrraaararrrrarrrrrrrrrrrrrrrrrrrrrrrrrrrrrrrrrrrrrrrrrrrrrrrrrrrrrrrrrrrrrrrarrarararrrrrrrrrrrrrrrrrrrrrrrrrrrr
1,1.531677385855572E-6,aaaaaaaaaaaaaaararraraaaaaarrrrrrrrrarrrrrrrrrrrrrrrrrrrrrrrrrrrrrrrrrrrrrrrrrrrrrrrrrrrrrrrrrrrrrrrrrrrrrrrrraaarrrrarrrrrrrrrrrrrrrrrr
1,1.531677385855572E-6,rrrrrrrrrrrrrrrrrrrrrrrrrrrrrrrrrrrrrrrrrrrrrrrrrrrrrrrrrrrrrrrrrrrrrrrrrrrrrrrrrrrrrrrrrrrrrrarrrrrrrrrrrrrrrrrrrrrrrrrrrrrrrrrrrrrrrrr
1,1.531677385855572E-6,aarrarrrrrrrrrrrrrrrrrrrrrraarrrrrrrrrrrrrrrrrrrrrrrrrrrrrrrrrrrrrrrrrrrrrrrrrrrrrrrrrrrrrrrrrrrrrrrarrararrrrrrrrrrrrrrrrrrrrrrrrrrrrrr
1,1.531677385855572E-6,aaaaarrrrrarrrrrrrrrrrrrrrrrrrrrrrrrrrrrrrrrrrrrrrrrrrrrrrrrrrrrrrrrrrrrrrrrrrrrrrrrrrrrrrrrrrrrrrrrrrrrrrrrrrrrrrrrrrrrrrrrrrrrrrrrrrrr
1,1.531677385855572E-6,rarrraarrrrrrrrrrrrrrrrrrrrrrrrrrrrrrrrrrrrrrrrrrrrrrrrrrrrrrrrrrrrrrrrrrrrrrrrrrrrrrrrrrrrrrrrrrrrrarrarrrrrrrrrrrrrrrrrrrrrrrrrrrrrrrr
1,1.531677385855572E-6,aarraaaaaaarrarrrrrrrrrrrrrrrrrrrrrrrrrrrrrrrrrrrrrrrrrrrrrrrrrrrrrrrrrrrrrrrrrrrrrrrrrrrrrrrrrrrrrrrrrrrrrrrrrrrrrrrrrrrrrrrrrrrrrrrrrr
1,1.531677385855572E-6,arrrrrrrrrrrrrrrrrrrrrrrrrrrrrrrrrrrrrrrrrrrrrrrrrrrrrrrrrrrrrrrrrrrrrrrrrrrrrrrrrrrrrrrrrrrrrrrrrrrarrrrrrrrrrrrrrrrrrrrrrrrrrrrrrrrrrr
1,1.531677385855572E-6,aaaaaaaaaarrrrarrrrrrrrrrrrrrrrrrrrrrrrrrrrrrrrrrrrrrrrrrrrrrrrrrrrrrrrrrrrrrrrrrrrrrrrrrrrrrrrrrrrrarrararrrrrrrrrrrrrrrrrrrrrrrrrrrrrr
1,1.531677385855572E-6,rararrararrrrrrrrrrrrrrrrrrrrrrrrrrrrrrrrrrrrrrrrrrrrrrrrrrrrrrrrrrrrrrrrrrrrrrrrrrrrrrrrrrrrrrrrrrrrrrrrrrrrrrrrrrrrrrrrrrrrrrrrrrrrrrr
1,1.531677385855572E-6,arararrrrraaaaarrrrrrrrrrrrrrrrrrrrrrrrrrrrrrrrrrrrrrrrrrrrrrrrrrrrrrrrrrrrrrrrrrrrrrrrrrrrrrrrrrrrrrrrrrrrrrrrrrrrrrrrrrrrrrrrrrrrrrrrr
1,1.531677385855572E-6,aaaarrrrrrrraarrrrrrrrrrrrrrrrrrrrrrrrrrrrrrrrrrrrrrrrrrrrrrrrrrrrrrrrrrrrrrrrrrrrrrrrrrrrrrrrrrrrrrarrarrrrrrrrrrrrrrrrrrrrrrrrrrrrrrrr
1,1.531677385855572E-6,aarrraaaarrrrrrrrrrrrrrrrrrrrrrrrrrrrrrrrrrrrrrrrrrrrrrrrrrrrrrrrrrrrrrrrrrrrrrrrrrrrrrrrrrrrrrrrrrrrrrrrrrrrrrrrrrrrrrrrrrrrrrrrrrrrrrr
1,1.531677385855572E-6,arrraarrrrarrrrrrrrrrrrrrrrrrrrrrrrrrrrrrrrrrrrrrrrrrrrrrrrrrrrrrrrrrrrrrrrrrrrrrrrrrrrrrrrrrrrrrrrrrrrrrrrrrrrrrrrrrrrrrrrrrrrrrrrrrrrr
1,1.531677385855572E-6,aarrraaaaarrrarrrrrrrrrrrrrrrrrrrrrrrrrrrrrrrrrrrrrrrrrrrrrrrrrrrrrrrrrrrrrrrrrrrrrrrrrrrrrrrrrrrrrrrrrrrrrrrrrrrrrrrrrrrrrrrrrrrrrrrrrr
1,1.531677385855572E-6,araaaaaaaaaaaaarrrrrrrrrrrrrrrrrrrrrrrrrrrrrrrrrrrrrrrrrrrrrrrrrrrrrrrrrrrrrrrrrrrrrrrrrrrrrrrrrrrrrrrrrrrrrrrrrrrrrrrrrrrrrrrrrrrrrrrrr
1,1.531677385855572E-6,arrrrrrrrrrraarrrrrrrrrrrrrrrrrrrrrrrrrrrrrrrrrrrrrrrrrrrrrrrrrrrrrrrrrrrrrrrrrrrrrrrrrrrrrrrrrrrrrrarrrrararrrrrrrrrrrrrrrrrrrrrrrrrrrr
1,1.531677385855572E-6,rarrrrarrrrrrrrrrrrrrrrrrrrrrrrrrrrrrrrrrrrrrrrrrrrrrrrrrrrrrrrrrrrrrrrrrrrrrrrrrrrrrrrrrrrrrrrrrrrrarrarrrrrrrrrrrrrrrrrrrrrrrrrrrrrrrr
1,1.531677385855572E-6,rrrrraarrrrrrarrrrrrrrrrrrrrrrrrrrrrrrrrrrrrrrrrrrrrrrrrrrrrrrrrrrrrrrrrrrrrrrrrrrrrrrrrrrrrrrrrrrrrrrrarrrrrrrrrrrrrrrrrrrrrrrrrrrrrrrr
1,1.531677385855572E-6,rarrraaaaarrrrrrrrrrrrrrrrrrrrrrrrrrrrrrrrrrrrrrrrrrrrrrrrrrrrrrrrrrrrrrrrrrrrrrrrrrrrrrrrrrrrrrrrrrrrrrrrrrrrrrrrrrrrrrrrrrrrrrrrrrrrrr
1,1.531677385855572E-6,aaaaraaaaararrarrrrrrrrrrrrrrrrrrrrrrrrrrrrrrrrrrrrrrrrrrrrrrrrrrrrrrrrrrrrrrrrrrrrrrrrrrrrrrrrrrrrrrrrrrrrrrrrrrrrrrrrrrrrrrrrrrrrrrrrr
1,1.531677385855572E-6,rrrrrrararrrrrrrrrrrrrrrrrrrrrrrrrrrrrrrrrrrrrrrrrrrrrrrrrrrrrrrrrrrrrrrrrrrrrrrrrrrrrrrrrrrrrrrrrrrrrrrrrrrrrrrrrrrrrrrrrrrrrrrrrrrrrrr
1,1.531677385855572E-6,aaaaaaaaaaaarrararraraarararrrrrrrrrrrrrrrrrrrrrrrrrrrrrrrrrrrrrrrrrrrrrrrrrrrrrrrrrrrrrrrrrrrrrrrrrrrrrrrrrrrrrrrrrrrrrrrrrrrrrrrrrrrrr
1,1.531677385855572E-6,rarrarrrrrrrrrrrrrrrrrrrrrrrrrrrrrrrrrrrrrrrrrrrrrrrrrrrrrrrrrrrrrrrrrrrrrrrrrrrrrrrrrrrrrrrrrrrrrrrarrarrrrrrrrrrrrrrrrrrrrrrrrrrrrrrrr
1,1.531677385855572E-6,aaaaaaaaaaaaaaararraraaraaaaaaaarrrrrrrrrrrrrrrrrrrrrrrrrrrrrrrrrrrrrrrrrrrrrrrrrrrrrrrrrrrrrrrrrrrrarrarararrrrrrrrrrrrrrrrrrrrrrrrrrrr
1,1.531677385855572E-6,aarrrrrrrrrraarrrrrrrrrrrrrrrrrrrrrrrrrrrrrrrrrrrrrrrrrrrrrrrrrrrrrrrrrrrrrrrrrrrrrrrrrrrrrrrrrrrrrrarrararrrrrrrrrrrrrrrrrrrrrrrrrrrrrr
1,1.531677385855572E-6,aarraaarrrarrarrrrrrrrrrrrrrrrrrrrrrrrrrrrrrrrrrrrrrrrrrrrrrrrrrrrrrrrrrrrrrrrrrrrrrrrrrrrrrrrrrrrrrrrrrrrrrrrrrrrrrrrrrrrrrrrrrrrrrrrrr
1,1.531677385855572E-6,raarrrarrarrrarrrrrrrrrrrrrrrrrrrrrrrrrrrrrrrrrrrrrrrrrrrrrrrrrrrrrrrrrrrrrrrrrrrrrrrrrrrrrrrrrrrrrrrrrrrararrrrrrrrrrrrrrrrrrrrrrrrrrrr
1,1.531677385855572E-6,rararrararrarrrrrrrrrrrrrrrrrrrrrrrrrrrrrrrrrrrrrrrrrrrrrrrrrrrrrrrrrrrrrrrrrrrrrrrrrrrrrrrrrrrrrrrrrrrrrrrrrrrrrrrrrrrrrrrrrrrrrrrrrrrr
1,1.531677385855572E-6,rrrrrrrrrrrraarrrrrrrrrrrrrrrrrrrrrrrrrrrrrrrrrrrrrrrrrrrrrrrrrrrrrrrrrrrrrrrrrrrrrrrrrrrrrrrrrrrrrrarrarararrrrrrrrrrrrrrrrrrrrrrrrrrrr
1,1.531677385855572E-6,aaaaaaaaararrarrrrrrrrrrrrraaararrrrrrrrrrrrrrrrrrrrrrrrrrrrrrrrrrrrrrrrrrrrrrrrrrrrrrrrrrrrrrrrrrrrarrarararrrrrrrrrrrrrrrrrrrrrrrrrrrr
1,1.531677385855572E-6,arrrrrrrrrrrrarrrrrrrrrrrrrrrrrrrrrrrrrrrrrrrrrrrrrrrrrrrrrrrrrrrrrrrrrrrrrrrrrrrrrrrrrrrrrrrrrrrrrrarrrrrrarrrrrrrrrrrrrrrrrrrrrrrrrrrr
1,1.531677385855572E-6,rraaarrrrrrrrarrrrrrrrrrrrrrrrrrrrrrrrrrrrrrrrrrrrrrrrrrrrrrrrrrrrrrrrrrrrrrrrrrrrrrrrrrrrrrrrrrrrrrrrrrrrrrrrrrrrrrrrrrrrrrrrrrrrrrrrrr
1,1.531677385855572E-6,aaaaraaaaarraaarrrrrrrrrrrrrrrrrrrrrarrrrrrrrrrrrrrrrrrrrrrrrrrrrrrrrrrrrrrrrrrrrrrrrrrrrrrrrrrrrrrrarrarrrarrarrarrraaarrrrrrrrrrrrrrrr
1,1.531677385855572E-6,aarrraaaaarrrrrrrrrrrrrrrrrrrrrrrrrrrrrrrrrrrrrrrrrrrrrrrrrrrrrrrrrrrrrrrrrrrrrrrrrrrrrrrrrrrrrrrrrrarrarrrrrrrrrrrrrrrrrrrrrrrrrrrrrrrr
1,1.531677385855572E-6,aarrraarrrrrrrrrarrarrrrrrrrrrrrrrrrrrrrrrrrrrrrrrrrrrrrrrrrrrrrrrrrrrrrrrrrrrrrrrrrrrrrrrrrrrrrrrrrrrrrrrrrrrrrrrrrrrrrrrrrrrrrrrrrrrrr
1,1.531677385855572E-6,aaaaaaaaaaaaaaarrrrrrrrrrrrrrrrrrrrrarrrrrrrrrrrrrrrrrrrrrrrrrrrrrrrrrrrrrrrrrrrrrrrrrrrrrrrrrrrrrrrrrrrrrrrrrarrarrraaarrrrrrrrrrrrrrrr
1,1.531677385855572E-6,aaaaarrrrrrrrrrrrrrrrrrrrrrrrrrrrrrrrrrrrrrrrrrrrrrrrrrrrrrrrrrrrrrrrrrrrrrrrrrrrrrrrrrrrrrrrrrrrrrrarrarrrrrrrrrrrrrrrrrrrrrrrrrrrrrrrr
1,1.531677385855572E-6,rrrraaarrrarrrrrrrrrrrrrrrrrrrrrrrrrrrrrrrrrrrrrrrrrrrrrrrrrrrrrrrrrrrrrrrrrrrrrrrrrrrrrrrrrrrrrrrrrrrrrrrrrrrrrrrrrrrrrrrrrrrrrrrrrrrrr
1,1.531677385855572E-6,aarraaarrraraarrrrrrrrrrrrrrrrrrrrrrarrrrrrrrrrrrrrrrrrrrrrrrrrrrrrrrrrrrrrrrrrrrrrrrrrrrrrrrrrrrrrrrrrrrrrrrrarrarrraaarrrrrrrrrrrrrrrr
1,1.531677385855572E-6,rrrraaarrrrrrrrrrrrrrrrrrrrrrrrrrrrrrrrrrrrrrrrrrrrrrrrrrrrrrrrrrrrrrrrrrrrrrrrrrrrrrrrrrrrrrrrrrrrrrrrrrrrrrrrrrrrrrrrrrrrrrrrrrrrrrrrr
1,1.531677385855572E-6,aaaaarrrrrrrrrrrrrrrrrrrrrraaarrrrrrrrrrrrrrrrrrrrrrrrrrrrrrrrrrrrrrrrrrrrrrrrrrrrrrrrrrrrrrrrrrrrrrarrararrrrrrrrrrrrrrrrrrrrrrrrrrrrrr
1,1.531677385855572E-6,aarrrrrrrrrrrrrrrrrrrrrrrrrrrrrrrrrrrrrrrrrrrrrrrrrrrrrrrrrrrrrrrrrrrrrrrrrrrrrrrrrrrrrrrrrrrrrrrrrrarrarrrrrrrrrrrrrrrrrrrrrrrrrrrrrrrr
1,1.531677385855572E-6,aaaaaaaaaaarraarrrrrrrrrrrrrrrrrrrrrrrrrrrrrrrrrrrrrrrrrrrrrrrrrrrrrrrrrrrrrrrrrrrrrrrrrrrrrrrrrrrrrrrrrrrrrrrrrrarrrarrrrrrrrrrrrrrrrrr
1,1.531677385855572E-6,aaaaaaaaraaaaaarrrrrrrrrrrrrrrrrrrrrrrrrrrrrrrrrrrrrrrrrrrrrrrrrrrrrrrrrrrrrrrrrrrrrrrrrrrrrrrrrrrrrrrrrrrrrrrrrrrrrrrrrrrrrrrrrrrrrrrrr
1,1.531677385855572E-6,aaraarrrrrrraaarrrrrrrrrrrrrrrrrrrrrrrrrrrrrrrrrrrrrrrrrrrrrrrrrrrrrrrrrrrrrrrrrrrrrrrrrrrrrrrrrrrrrarrarararrrrrrrrrrrrrrrrrrrrrrrrrrrr
1,1.531677385855572E-6,raraaaaaararrrrrarraraararraaarrrrrrrrrrrrrrrrrrrrrrrrrrrrrrrrrrrrrrrrrrrrrrrrrrrrrrrrrrrrrrrrrrrrrrarrararrrrrrrrrrrrrrrrrrrrrrrrrrrrrr
1,1.531677385855572E-6,aaaaarrrrrrraarrrrrrrrrrrrrrrrrrrrrrrrrrrrrrrrrrrrrrrrrrrrrrrrrrrrrrrrrrrrrrrrrrrrrrrrrrrrrrrrrrrrrrarrarararrrrrrrrrrrrrrrrrrrrrrrrrrrr
1,1.531677385855572E-6,aaaaaaaaaaaraaararraraaaaaarrrrrrrrrarrrrrrrrrrrrrrrrrrrrrrrrrrrrrrrrrrrrrrrrrrrrrrrrrrrrrrrrrrrrrrrrrrrrrrrrraaaarrraaarrrrrrrrrrrrrrrr
1,1.531677385855572E-6,arrraaarrraraarrrrrrrrrrrrrrrrrrrrrrrrrrrrrrrrrrrrrrrrrrrrrrrrrrrrrrrrrrrrrrrrrrrrrrrrrrrrrrrrrrrrrrarrarararrrrrrrrrrrrrrrrrrrrrrrrrrrr
1,1.531677385855572E-6,raaaaaaaaaaaaaarrrrrrrrrrrrrrrrrrrrrrrrrrrrrrrrrrrrrrrrrrrrrrrrrrrrrrrrrrrrrrrrrrrrrrrrrrrrrrrrrrrrrrrrrrrrrrrrrrrrrrrrrrrrrrrrrrrrrrrrr
1,1.531677385855572E-6,rrrrrrrrrrrraarrrrrrrrrrrrrrrrrrrrrrrrrrrrrrrrrrrrrrrrrrrrrrrrrrrrrrrrrrrrrrrrrrrrrrrrrrrrrrrrrrrrrrarrrrararrrrrrrrrrrrrrrrrrrrrrrrrrrr
1,1.531677385855572E-6,aaaraaaaaaaaaaarrrrrrrrrrrrrrrrrrrrrrrrrrrrrrrrrrrrrrrrrrrrrrrrrrrrrrrrrrrrrrrrrrrrrrrrrrrrrrrrrrrrrrrrrrrrrrrrrrrrrrrrrrrrrrrrrrrrrrrrr
1,1.531677385855572E-6,rarrrrrrrrrrrrrrrrrrrrrrrrrrrrrrrrrrrrrrrrrrrrrrrrrrrrrrrrrrrrrrrrrrrrrrrrrrrrrrrrrrrrrrrrrrrrrrrrrrrrrarrrrrrrrrrrrrrrrrrrrrrrrrrrrrrrr
1,1.531677385855572E-6,aarrrrrrrrrrrrrrrrrrrrrrrrrrrrrrrrrrrrrrrrrrrrrrrrrrrrrrrrrrrrrrrrrrrrrrrrrrrrrrrrrrrrrrrrrrrrrrrrrrarrararrrrrrrrrrrrrrrrrrrrrrrrrrrrrr
1,1.531677385855572E-6,rrrrrarrrrrrrrrrrrrrrrrrrrrrrrrrrrrrrrrrrrrrrrrrrrrrrrrrrrrrrrrrrrrrrrrrrrrrrrrrrrrrrrrrrrrrrrrrrrrrrrrrrrrrrrrrrrrrrrrrrrrrrrrrrrrrrrrr
1,1.531677385855572E-6,aaaaaaaaaarrrrrrrrrrrrrrrrrrrrrrrrrrrrrrrrrrrrrrrrrrrrrrrrrrrrrrrrrrrrrrrrrrrrrrrrrrrrrrrrrrrrrrrrrrrrrrrrrrrrrrrrrrrrrrrrrrrrrrrrrrrrrr
1,1.531677385855572E-6,aarraaarrrrraarrrrrrrrrrrrrrrrrrrrrrrrrrrrrrrrrrrrrrrrrrrrrrrrrrrrrrrrrrrrrrrrrrrrrrrrrrrrrrrrrrrrrrarrarrrrrrrrrrrrrrrrrrrrrrrrrrrrrrrr
1,1.531677385855572E-6,aaaaraaaaarrrrrrrrrrrrrrrrrrrrrrrrrrrrrrrrrrrrrrrrrrrrrrrrrrrrrrrrrrrrrrrrrrrrrrrrrrrrrrrrrrrrrrrrrrrrrrrrrrrrrrrrrrrrrrrrrrrrrrrrrrrrrr
1,1.531677385855572E-6,aaaaaaaaaaaaraararraraararaaaararrrrrrrrrrrrrrrrrrrrrrrrrrrrrrrrrrrrrrrrrrrrrrrrrrrrrrrrrrrrrrrrrrrrarrarararrrrrrrrrrrrrrrrrrrrrrrrrrrr
1,1.531677385855572E-6,aarrrrrrrrrraarrrrrrrrrrrrrrrrrrrrrrrrrrrrrrrrrrrrrrrrrrrrrrrrrrrrrrrrrrrrrrrrrrrrrrrrrrrrrrrrrrrrrrarrarrrrrrrrrrrrrrrrrrrrrrrrrrrrrrrr
1,1.531677385855572E-6,aaaaaaaaaaaarrarrrrrrrrrrrraaararrrrrrrrrrrrrrrrrrrrrrrrrrrrrrrrrrrrrrrrrrrrrrrrrrrrrrrrrrrrrrrrrrrrarrarararrrrrrrrrrrrrrrrrrrrrrrrrrrr
1,1.531677385855572E-6,aaaaarrrrrrraaarrrrrrrrrrrrrrrrrrrrrrrrrrrrrrrrrrrrrrrrrrrrrrrrrrrrrrrrrrrrrrrrrrrrrrrrrrrrrrrrrrrrrarrararrrrrrrrrrrrrrrrrrrrrrrrrrrrrr
1,1.531677385855572E-6,aarraaarrrarrrrrrrrrrrrrrrrrrrrrrrrrrrrrrrrrrrrrrrrrrrrrrrrrrrrrrrrrrrrrrrrrrrrrrrrrrrrrrrrrrrrrrrrrrrrararrrrrrrrrrrrrrrrrrrrrrrrrrrrrr
1,1.531677385855572E-6,aaaaaaaaararaarrarraraaraaraaararrrrrrrrrrrrrrrrrrrrrrrrrrrrrrrrrrrrrrrrrrrrrrrrrrrrrrrrrrrrrrrrrrrrarrarararrrrarrrrrrarrrrrrrrrrrrrrrr
1,1.531677385855572E-6,aaaaaaaaararrarrrrrrrrrrrrrrrrrrrrrrrrrrrrrrrrrrrrrrrrrrrrrrrrrrrrrrrrrrrrrrrrrrrrrrrrrrrrrrrrrrrrrrarrararrrrrrrrrrrrrrrrrrrrrrrrrrrrrr
1,1.531677385855572E-6,aaaaaaaaaaaraaararraraaaaaaaaaaarrrrarrrrrrrrrrrrrrrrrrrrrrrrrrrrrrrrrrrrrrrrrrrrrrrrrrrrrrrrrrrrrrrarraraaarraaaarrraaaaarrrrrrrrrrrrrr
1,1.531677385855572E-6,ararrrrarrrrrrararrrrrrrrrarrrrrrrrrrrrrrrrrrrrrrrrrrrrrrrrrrrrrrrrrrrrrrrrrrrrrrrrrrrrrrrrrrrrrrrrrrrrrrrrrrrrrrrrrrrarrrrrrrrrrrrrrrrr
1,1.531677385855572E-6,aarraaarrraaaarrarrarrrraaraaararrrrrrrrrrrrrrrrrrrrrrrrrrrrrrrrrrrrrrrrrrrrrrrrrrrrrrrrrrrrrrrrrrrrarrarararrrrrrrrrrrrrrrrrrrrrrrrrrrr
1,1.531677385855572E-6,aarraaaaarrrrrrrrrrrrrrrrrrrrrrrrrrrrrrrrrrrrrrrrrrrrrrrrrrrrrrrrrrrrrrrrrrrrrrrrrrrrrrrrrrrrrrrrrrrrrrrrrrrrrrrrrrrrrrrrrrrrrrrrrrrrrrr
1,1.531677385855572E-6,aaaaaaaaaaarraarrrrrrrrrrrrrrrrrrrrrarrrrrrrrrrrrrrrrrrrrrrrrrrrrrrrrrrrrrrrrrrrrrrrrrrrrrrrrrrrrrrrrrrrrrrrrrarrrrrrrrrrrrrrrrrrrrrrrrr
1,1.531677385855572E-6,rrrrrrrrrrraaaarrrrrrrrrrrrrrrrarrrrrrrrrrrrrrrrrrrrrrrrrrrrrrrrrrrrrrrrrrrrrrrrrrrrrrrrrrrrrrrrrrrrrrrrrrrarrrrrrrrrrrrrrrrrrrrrrrrrrrr
1,1.531677385855572E-6,aaaaraaaaararaarrrrrrrrrrrrrrrrrrrrrrrrrrrrrrrrrrrrrrrrrrrrrrrrrrrrrrrrrrrrrrrrrrrrrrrrrrrrrrrrrrrrrarrarrrarrrrrrrrrrrrrrrrrrrrrrrrrrrr
1,1.531677385855572E-6,rrrrarrrrrrrrrrrrrrrrrrrrrrrrrrrrrrrrrrrrrrrrrrrrrrrrrrrrrrrrrrrrrrrrrrrrrrrrrrrrrrrrrrrrrrrrrrrrrrrrrrarrrrrrrrrrrrrrrrrrrrrrrrrrrrrrrr
1,1.531677385855572E-6,arrrarrrrrarrrrrrrrrrrrrrrrrrrrrrrrrrrrrrrrrrrrrrrrrrrrrrrrrrrrrrrrrrrrrrrrrrrrrrrrrrrrrrrrrrrrrrrrrarrrrarrrrrrrrrrrrrrrrrrrrrrrrrrrrrr
1,1.531677385855572E-6,aarraaarraaarrarrrrrrrrrrrrrrrrrrrrrrrrrrrrrrrrrrrrrrrrrrrrrrrrrrrrrrrrrrrrrrrrrrrrrrrrrrrrrrrrrrrrrrrrrrrrrrrrrrrrrrrrrrrrrrrrrrrrrrrrr
1,1.531677385855572E-6,aaaaaaaaararrrrrrrrrrrrrrrrrrrrrrrrrrrrrrrrrrrrrrrrrrrrrrrrrrrrrrrrrrrrrrrrrrrrrrrrrrrrrrrrrrrrrrrrrrrrrrrrrrrrrrarrraaarrrrrrrrrrrrrrrr
1,1.531677385855572E-6,arrrarrrrraraarrrrrrrrrrrrrrrrrrrrrrrrrrrrrrrrrrrrrrrrrrrrrrrrrrrrrrrrrrrrrrrrrrrrrrrrrrrrrrrrrrrrrrarrrrararrrrrrrrrrrrrrrrrrrrrrrrrrrr
1,1.531677385855572E-6,aarraaarrrrrrrrrrrrrrrrrrrrrrrrrrrrrrrrrrrrrrrrrrrrrrrrrrrrrrrrrrrrrrrrrrrrrrrrrrrrrrrrrrrrrrrrrrrrrarrarrrrrrrrrrrrrrrrrrrrrrrrrrrrrrrr
